best_profit	one_std_profit
174976.40833800012	74642.70822289262
